public_dataset,seed,method,calibration_target,calibration_q_scaled,validation_picp_before,validation_picp_after,test_picp,test_pinaw,test_winkler
WPF-SCADA,42,Proposed model,0.88,0.039174884557724,0.8110316649642493,0.881511746680286,0.8717058222676201,0.1940990686416626,465.3922424316406
WPF-SCADA,42,MLP-QR,0.88,0.0692862868309021,0.8028600612870276,0.881511746680286,0.861491317671093,0.22136588394641876,621.3499755859375
WPF-SCADA,42,LSTM-QR,0.88,0.0401206910610199,0.8345250255362615,0.881511746680286,0.8612870275791624,0.21680235862731934,575.4854736328125
WPF-SCADA,42,GRU-QR,0.88,0.04834091663360596,0.8232890704800817,0.881511746680286,0.8653728294177733,0.21659743785858154,559.5382690429688
WPF-SCADA,42,CNN-QR,0.88,0.08136263489723206,0.7926455566905005,0.881511746680286,0.8574055158324821,0.24998925626277924,670.5839233398438
WPF-SCADA,42,Transformer-QR,0.88,0.046760767698287964,0.8232890704800817,0.881511746680286,0.8400408580183861,0.2085750699043274,611.61376953125
WPF-SCADA,42,SQR,0.88,0.09751459956169128,0.7742594484167518,0.881511746680286,0.844126659856997,0.21352528035640717,656.361572265625
WPF-SCADA,42,LUBE-NN,0.88,0.43608278036117554,0.0040858018386108275,0.881511746680286,0.8416751787538305,0.31095343828201294,734.1176147460938
WPF-SCADA,42,RQR-MLP,0.88,0.0,0.992849846782431,0.992849846782431,0.9752808988764045,0.401552677154541,737.6886596679688
WPF-SCADA,42,KDE,0.88,0.0684099793434143,0.8008171603677222,0.881511746680286,0.8402451481103167,0.23034557700157166,686.6956787109375
Longyuan-SCADA,42,Proposed model,0.88,0.05375027656555176,0.7998093422306959,0.880838894184938,0.8264021365890881,0.2708008587360382,80.23011016845703
Longyuan-SCADA,42,MLP-QR,0.88,0.2190880924463272,0.7283126787416587,0.880838894184938,0.8363220144982831,0.2749379873275757,87.34432220458984
Longyuan-SCADA,42,LSTM-QR,0.88,0.12702208757400513,0.8102955195424214,0.880838894184938,0.7855780236550934,0.22661879658699036,86.70616912841797
Longyuan-SCADA,42,GRU-QR,0.88,0.13872990012168884,0.7988560533841754,0.880838894184938,0.7897748950782144,0.23391114175319672,89.19020080566406
Longyuan-SCADA,42,CNN-QR,0.88,0.16480982303619385,0.8083889418493804,0.880838894184938,0.8243037008775277,0.2899447977542877,94.71156311035156
Longyuan-SCADA,42,Transformer-QR,0.88,0.16649648547172546,0.7559580552907531,0.880838894184938,0.8384204502098436,0.2856481671333313,85.85469818115234
Longyuan-SCADA,42,SQR,0.88,0.2394203096628189,0.665395614871306,0.880838894184938,0.7745135444486837,0.22969309985637665,94.73351287841797
Longyuan-SCADA,42,LUBE-NN,0.88,0.5121423006057739,0.00667302192564347,0.880838894184938,0.8241129339946586,0.2950275242328644,94.62906646728516
Longyuan-SCADA,42,RQR-MLP,0.88,0.0,0.9475691134413727,0.9475691134413727,0.9303700877527661,0.40282854437828064,93.38450622558594
Longyuan-SCADA,42,KDE,0.88,0.13432911038398743,0.8198284080076264,0.880838894184938,0.8229683326974437,0.29160186648368835,94.96394348144531
SDWPF-SCADA,42,Proposed model,0.88,0.05722254514694214,0.7804014167650531,0.880362062180244,0.9078243073047859,0.1878570318222046,348.1457824707031
SDWPF-SCADA,42,MLP-QR,0.88,0.09564942121505737,0.8020464384100747,0.880362062180244,0.8822418136020151,0.20860497653484344,411.00433349609375
SDWPF-SCADA,42,LSTM-QR,0.88,0.07807862758636475,0.8229043683589138,0.880362062180244,0.8695686397984886,0.1654600203037262,346.197998046875
SDWPF-SCADA,42,GRU-QR,0.88,0.08868861198425293,0.811491538764266,0.880362062180244,0.8839735516372796,0.17326511442661285,351.771728515625
SDWPF-SCADA,42,CNN-QR,0.88,0.1855975240468979,0.7461629279811098,0.880362062180244,0.9140428211586902,0.25523850321769714,456.84375
SDWPF-SCADA,42,Transformer-QR,0.88,0.0565488338470459,0.8358913813459268,0.880362062180244,0.8661051637279596,0.18177159130573273,394.7894287109375
SDWPF-SCADA,42,SQR,0.88,0.12263011932373047,0.760724124360488,0.880362062180244,0.8962531486146096,0.20985686779022217,405.2232666015625
SDWPF-SCADA,42,LUBE-NN,0.88,0.48026397824287415,0.0007870916961826052,0.880362062180244,0.9285264483627204,0.2594316601753235,471.58038330078125
SDWPF-SCADA,42,RQR-MLP,0.88,0.0,0.9803227075954348,0.9803227075954348,0.96205919395466,0.2942158281803131,472.7408752441406
SDWPF-SCADA,42,KDE,0.88,0.07311946153640747,0.8386462022825659,0.880362062180244,0.8968828715365239,0.25407445430755615,464.9046630859375
WPF-SCADA,43,Proposed model,0.88,0.04217170178890228,0.8161389172625128,0.881511746680286,0.8655771195097037,0.19644343852996826,476.60418701171875
WPF-SCADA,43,MLP-QR,0.88,0.04607173800468445,0.8294177732379979,0.881511746680286,0.8337078651685393,0.21145297586917877,636.451416015625
WPF-SCADA,43,LSTM-QR,0.88,0.04152505099773407,0.8314606741573034,0.881511746680286,0.8520939734422881,0.21508173644542694,582.352783203125
WPF-SCADA,43,GRU-QR,0.88,0.042233094573020935,0.8314606741573034,0.881511746680286,0.8598569969356487,0.21730093657970428,579.6461791992188
WPF-SCADA,43,CNN-QR,0.88,0.08436828851699829,0.7957099080694586,0.881511746680286,0.8561797752808988,0.25265374779701233,709.4227294921875
WPF-SCADA,43,Transformer-QR,0.88,0.04004928469657898,0.8283963227783453,0.881511746680286,0.8398365679264556,0.20738722383975983,613.0569458007812
WPF-SCADA,43,SQR,0.88,0.06572744250297546,0.7957099080694586,0.881511746680286,0.837385086823289,0.2120583951473236,632.3944702148438
WPF-SCADA,43,LUBE-NN,0.88,0.4436940550804138,0.0020429009193054137,0.881511746680286,0.8561797752808988,0.31601327657699585,759.0528564453125
WPF-SCADA,43,RQR-MLP,0.88,0.0,0.9908069458631257,0.9908069458631257,0.9722165474974463,0.4059305787086487,744.712646484375
WPF-SCADA,43,KDE,0.88,0.06158752739429474,0.8018386108273748,0.881511746680286,0.8359550561797753,0.22751139104366302,699.4650268554688
Longyuan-SCADA,43,Proposed model,0.88,0.09966927766799927,0.7912297426120114,0.880838894184938,0.85463563525372,0.26619791984558105,81.20672607421875
Longyuan-SCADA,43,MLP-QR,0.88,0.23672911524772644,0.6425166825548141,0.880838894184938,0.8008393742846242,0.264828622341156,94.93653106689453
Longyuan-SCADA,43,LSTM-QR,0.88,0.12944769859313965,0.792183031458532,0.880838894184938,0.7775658145745898,0.22421763837337494,90.88326263427734
Longyuan-SCADA,43,GRU-QR,0.88,0.13396179676055908,0.7931363203050524,0.880838894184938,0.7827165204120564,0.2332892119884491,91.80281829833984
Longyuan-SCADA,43,CNN-QR,0.88,0.13397526741027832,0.8160152526215443,0.880838894184938,0.7983594048073255,0.2748230993747711,100.86788177490234
Longyuan-SCADA,43,Transformer-QR,0.88,0.20071136951446533,0.6901811248808389,0.880838894184938,0.811903853491034,0.26367104053497314,92.96764373779297
Longyuan-SCADA,43,SQR,0.88,0.204989954829216,0.7140133460438512,0.880838894184938,0.7598244944677603,0.23178040981292725,103.39630889892578
Longyuan-SCADA,43,LUBE-NN,0.88,0.5305399894714355,0.0019065776930409914,0.8798856053384175,0.8166730255627623,0.3055824041366577,103.4292221069336
Longyuan-SCADA,43,RQR-MLP,0.88,0.0,0.9380362249761678,0.9380362249761678,0.9132010682945441,0.3931482434272766,94.20365905761719
Longyuan-SCADA,43,KDE,0.88,0.13375097513198853,0.8131553860819828,0.880838894184938,0.8056085463563525,0.282213419675827,101.30025482177734
SDWPF-SCADA,43,Proposed model,0.88,0.04004180431365967,0.8146399055489965,0.880362062180244,0.9268734256926953,0.19784049689769745,342.7686462402344
SDWPF-SCADA,43,MLP-QR,0.88,0.08193159103393555,0.8193624557260921,0.880362062180244,0.8801952141057935,0.19752582907676697,389.3216247558594
SDWPF-SCADA,43,LSTM-QR,0.88,0.11228013038635254,0.7847304210940574,0.880362062180244,0.896095717884131,0.1843806356191635,364.6799011230469
SDWPF-SCADA,43,GRU-QR,0.88,0.10071694850921631,0.7819756001574183,0.880362062180244,0.8800377833753149,0.1773180067539215,360.4699401855469
SDWPF-SCADA,43,CNN-QR,0.88,0.1313856840133667,0.7886658795749705,0.880362062180244,0.9187657430730478,0.2771783769130707,495.77008056640625
SDWPF-SCADA,43,Transformer-QR,0.88,0.09430989623069763,0.8213301849665486,0.880362062180244,0.7075724181360201,0.17498250305652618,514.1893310546875
SDWPF-SCADA,43,SQR,0.88,0.19545060396194458,0.6859504132231405,0.880362062180244,0.9088476070528967,0.23840628564357758,443.4896240234375
SDWPF-SCADA,43,LUBE-NN,0.88,0.4971228837966919,0.0019677292404565133,0.880362062180244,0.9367128463476071,0.26869654655456543,476.8956298828125
SDWPF-SCADA,43,RQR-MLP,0.88,0.0,0.9842581660763479,0.9842581660763479,0.9796127204030227,0.32571855187416077,513.5327758789062
SDWPF-SCADA,43,KDE,0.88,0.10050097107887268,0.8158205430932703,0.880362062180244,0.9146725440806045,0.27630189061164856,497.9916687011719
WPF-SCADA,44,Proposed model,0.88,0.041767001152038574,0.8171603677221655,0.881511746680286,0.8717058222676201,0.187638521194458,461.9019470214844
WPF-SCADA,44,MLP-QR,0.88,0.07297801971435547,0.797752808988764,0.881511746680286,0.8676200204290092,0.23171044886112213,603.6347045898438
WPF-SCADA,44,LSTM-QR,0.88,0.0470694899559021,0.8263534218590398,0.881511746680286,0.8576098059244127,0.2151240110397339,574.2376098632812
WPF-SCADA,44,GRU-QR,0.88,0.04720115661621094,0.8192032686414709,0.881511746680286,0.8610827374872319,0.21525806188583374,558.1640014648438
WPF-SCADA,44,CNN-QR,0.88,0.06207266449928284,0.8140960163432074,0.881511746680286,0.8894790602655771,0.272278755903244,627.6082763671875
WPF-SCADA,44,Transformer-QR,0.88,0.04354524612426758,0.8314606741573034,0.881511746680286,0.8451481103166496,0.21246455609798431,601.2991943359375
WPF-SCADA,44,SQR,0.88,0.10721568018198013,0.7446373850868233,0.881511746680286,0.8449438202247191,0.2079439014196396,615.0159912109375
WPF-SCADA,44,LUBE-NN,0.88,0.4429776072502136,0.0,0.881511746680286,0.8596527068437181,0.31582915782928467,842.163818359375
WPF-SCADA,44,RQR-MLP,0.88,0.0,0.992849846782431,0.992849846782431,0.9628192032686415,0.4004422724246979,754.0599365234375
WPF-SCADA,44,KDE,0.88,0.062287837266922,0.8120531154239019,0.881511746680286,0.8408580183861083,0.23148797452449799,686.4827270507812
Longyuan-SCADA,44,Proposed model,0.88,0.1067596822977066,0.8026692087702574,0.880838894184938,0.8439526898130485,0.26842281222343445,81.86861419677734
Longyuan-SCADA,44,MLP-QR,0.88,0.20872187614440918,0.7702573879885606,0.880838894184938,0.803510110644792,0.2730478346347809,96.04900360107422
Longyuan-SCADA,44,LSTM-QR,0.88,0.20568186044692993,0.773117254528122,0.880838894184938,0.8202975963372758,0.27326756715774536,88.78296661376953
Longyuan-SCADA,44,GRU-QR,0.88,0.17850211262702942,0.7893231649189705,0.880838894184938,0.8187714612743228,0.2701653242111206,90.23570251464844
Longyuan-SCADA,44,CNN-QR,0.88,0.22479581832885742,0.7740705433746425,0.880838894184938,0.820488363220145,0.30454540252685547,99.82449340820312
Longyuan-SCADA,44,Transformer-QR,0.88,0.17834368348121643,0.7616777883698761,0.880838894184938,0.8109500190766883,0.2660953104496002,93.13233184814453
Longyuan-SCADA,44,SQR,0.88,0.2537456154823303,0.7254528122020972,0.880838894184938,0.789202594429607,0.2543151080608368,96.73544311523438
Longyuan-SCADA,44,LUBE-NN,0.88,0.5700517296791077,0.012392755004766444,0.880838894184938,0.8389927508584509,0.32910698652267456,101.69902038574219
Longyuan-SCADA,44,RQR-MLP,0.88,0.0,0.9313632030505243,0.9313632030505243,0.908813429988554,0.3866167366504669,94.87071990966797
Longyuan-SCADA,44,KDE,0.88,0.18795990943908691,0.8036224976167778,0.880838894184938,0.8340328119038535,0.3177655339241028,98.46515655517578
SDWPF-SCADA,44,Proposed model,0.88,0.05921369791030884,0.7965367965367965,0.880362062180244,0.8836586901763224,0.20871034264564514,374.5167541503906
SDWPF-SCADA,44,MLP-QR,0.88,0.09824144840240479,0.8016528925619835,0.880362062180244,0.8854691435768262,0.19763121008872986,389.61688232421875
SDWPF-SCADA,44,LSTM-QR,0.88,0.12329107522964478,0.7666273120818575,0.880362062180244,0.8685453400503779,0.18201318383216858,367.98040771484375
SDWPF-SCADA,44,GRU-QR,0.88,0.11214810609817505,0.7863046044864227,0.880362062180244,0.8515428211586902,0.1633361130952835,352.81170654296875
SDWPF-SCADA,44,CNN-QR,0.88,0.1251530647277832,0.7977174340810704,0.880362062180244,0.9162468513853904,0.2640429735183716,477.7012023925781
SDWPF-SCADA,44,Transformer-QR,0.88,0.12920653820037842,0.7367178276269185,0.880362062180244,0.8759445843828715,0.16783805191516876,352.8391418457031
SDWPF-SCADA,44,SQR,0.88,0.17211765050888062,0.7331759149940968,0.880362062180244,0.9175850125944585,0.2291467934846878,425.25341796875
SDWPF-SCADA,44,LUBE-NN,0.88,0.5206415057182312,0.0019677292404565133,0.880362062180244,0.9141215365239295,0.2809344530105591,518.5103149414062
SDWPF-SCADA,44,RQR-MLP,0.88,0.0,0.9759937032664305,0.9759937032664305,0.9814231738035264,0.32768189907073975,514.5703125
SDWPF-SCADA,44,KDE,0.88,0.11924618482589722,0.8044077134986226,0.880362062180244,0.9176637279596978,0.2660852074623108,480.4550476074219
