calibration_target,setting,public_dataset,method,n,PICP_mean,PICP_std,PINAW_mean,PINAW_std,Winkler_mean,Winkler_std,rank_mean,rank_std,PICP_below_080,PICP_below_target,cached_audit_time_s_mean,stage2_time_s_mean
0.8,common_validation_conformal_080,WPF-SCADA,Proposed model,3,0.7889002383384406,0.007378050108699642,0.16354474425315857,0.004856970441075716,458.96544392903644,8.48836917862011,1.0,0.0,3,3,1342.3768135706584,1342.3665487766266
0.8,common_validation_conformal_080,WPF-SCADA,CNN-QR,3,0.8087844739530133,0.020810533417384654,0.2059459686279297,0.019221044490238447,650.99267578125,45.72853753742691,7.0,1.0,2,2,1342.3768135706584,1342.3665487766266
0.8,common_validation_conformal_080,WPF-SCADA,GRU-QR,3,0.8156622403813415,0.002184407890002835,0.18372790018717447,0.0030778327364703885,554.1361490885416,13.522424457232974,2.0,0.0,0,0,1342.3768135706584,1342.3665487766266
0.8,common_validation_conformal_080,WPF-SCADA,KDE,3,0.7885597548518897,0.004367223355757277,0.1842032273610433,0.0027801535186854705,683.9704996744791,8.45188979185241,7.666666666666667,0.5773502691896258,3,3,1342.3768135706584,1342.3665487766266
0.8,common_validation_conformal_080,WPF-SCADA,LSTM-QR,3,0.8175008512087164,0.007395000341882984,0.18515931566556296,0.003327354575479065,567.1627400716146,5.645624943914666,3.0,0.0,0,0,1342.3768135706584,1342.3665487766266
0.8,common_validation_conformal_080,WPF-SCADA,LUBE-NN,3,0.7686074225400068,0.03157741584811694,0.2572564979394277,0.006722386563460083,770.6834106445312,49.12341139553002,9.666666666666666,0.5773502691896257,2,2,1342.3768135706584,1342.3665487766266
0.8,common_validation_conformal_080,WPF-SCADA,MLP-QR,3,0.7971399387129724,0.005945508564190089,0.1769719421863556,0.004283433542263681,608.374267578125,23.060199201267746,5.0,1.0,2,2,1342.3768135706584,1342.3665487766266
0.8,common_validation_conformal_080,WPF-SCADA,RQR-MLP,3,0.9701055498808308,0.006493511958728686,0.4026418427626292,0.0029017387473711407,745.4870808919271,8.213068120885282,9.333333333333334,0.5773502691896257,0,0,1342.3768135706584,1342.3665487766266
0.8,common_validation_conformal_080,WPF-SCADA,SQR,3,0.7677902621722846,0.00487450600426925,0.1573949009180069,0.0075380296660191035,629.9278971354166,20.403114697796337,6.0,1.0,3,3,1342.3768135706584,1342.3665487766266
0.8,common_validation_conformal_080,WPF-SCADA,Transformer-QR,3,0.7990466462376574,0.004921370504638671,0.17857680221398672,0.0031013211497328097,603.0086873372396,7.440655668540056,4.333333333333333,0.5773502691896258,2,2,1342.3768135706584,1342.3665487766266
0.8,common_validation_conformal_080,Longyuan-SCADA,Proposed model,3,0.747806180847005,0.011951510955877232,0.2191919336716334,0.01821640778138662,80.86983744303386,0.8904967109880503,1.0,0.0,3,3,846.0315461953481,846.0228373209635
0.8,common_validation_conformal_080,Longyuan-SCADA,CNN-QR,3,0.7309551061935649,0.002969679366357792,0.1967784216006597,0.0013651720544998296,100.73380279541016,3.7493421666751225,8.0,0.0,3,3,846.0315461953481,846.0228373209635
0.8,common_validation_conformal_080,Longyuan-SCADA,GRU-QR,3,0.6711178939336131,0.030100692909290128,0.16325023770332336,0.008753047698181728,95.00023142496745,1.8958601894039315,4.666666666666667,1.5275252316519465,3,3,846.0315461953481,846.0228373209635
0.8,common_validation_conformal_080,Longyuan-SCADA,KDE,3,0.7445631438382296,0.0075371027337422375,0.20983907083670297,0.004528693060269808,99.57882181803386,3.705918567108477,6.666666666666667,0.5773502691896258,3,3,846.0315461953481,846.0228373209635
0.8,common_validation_conformal_080,Longyuan-SCADA,LSTM-QR,3,0.667874856924838,0.02503992472068573,0.15997719764709473,0.010631749405492157,93.4451395670573,2.558419995449677,3.3333333333333335,1.1547005383792515,3,3,846.0315461953481,846.0228373209635
0.8,common_validation_conformal_080,Longyuan-SCADA,LUBE-NN,3,0.7230064860740176,0.034141942933860345,0.2039149353901545,0.02468217444161882,102.25446065266927,4.2386578809923385,9.333333333333334,0.5773502691896257,3,3,846.0315461953481,846.0228373209635
0.8,common_validation_conformal_080,Longyuan-SCADA,MLP-QR,3,0.7244690321760142,0.0242396581820681,0.1910896748304367,0.010273616070251927,94.87103271484375,6.507599298765523,5.333333333333333,2.0816659994661326,3,3,846.0315461953481,846.0228373209635
0.8,common_validation_conformal_080,Longyuan-SCADA,RQR-MLP,3,0.9174615286786213,0.011392366545369789,0.39419784148534137,0.008156710091300303,94.15296173095703,0.7444027423955637,3.6666666666666665,1.5275252316519468,0,0,846.0315461953481,846.0228373209635
0.8,common_validation_conformal_080,Longyuan-SCADA,SQR,3,0.6683199796515326,0.007179359843670531,0.15665067235628763,0.0031645004885741414,104.03017171223958,4.668111976581563,9.666666666666666,0.5773502691896257,3,3,846.0315461953481,846.0228373209635
0.8,common_validation_conformal_080,Longyuan-SCADA,Transformer-QR,3,0.7236423756835814,0.0145312950404559,0.19737430910269418,0.013275794361750528,92.18722788492839,5.154820627064543,3.3333333333333335,1.5275252316519465,3,3,846.0315461953481,846.0228373209635
0.8,common_validation_conformal_080,SDWPF-SCADA,Proposed model,3,0.8198467674223342,0.06685675231820976,0.17190045615037283,0.008389321448809217,342.51690673828125,23.450496503913797,2.0,1.7320508075688772,1,1,2560.671411673228,2560.6551225980124
0.8,common_validation_conformal_080,SDWPF-SCADA,CNN-QR,3,0.8374790092359362,0.02067149020906857,0.19913771748542786,0.011933115951050578,435.2682800292969,19.317132297853895,7.333333333333333,0.5773502691896258,0,0,2560.671411673228,2560.6551225980124
0.8,common_validation_conformal_080,SDWPF-SCADA,GRU-QR,3,0.7685505877413937,0.03528927845002354,0.12127917259931564,0.009940463369035906,345.31263224283856,8.827080511673804,2.6666666666666665,0.5773502691896258,3,3,2560.671411673228,2560.6551225980124
0.8,common_validation_conformal_080,SDWPF-SCADA,KDE,3,0.8489452141057935,0.016392651990569555,0.21287931501865387,0.010276949316152282,448.0862223307292,10.725927133278592,8.333333333333334,0.5773502691896257,0,0,2560.671411673228,2560.6551225980124
0.8,common_validation_conformal_080,SDWPF-SCADA,LSTM-QR,3,0.7908007976490344,0.006560505816758904,0.1289541075627009,0.004955110201890185,345.4686686197917,10.288852463775315,2.3333333333333335,0.5773502691896258,3,3,2560.671411673228,2560.6551225980124
0.8,common_validation_conformal_080,SDWPF-SCADA,LUBE-NN,3,0.8616971032745592,0.01626553554108621,0.18702772756417593,0.006076674705065902,427.9342346191406,29.460315014141575,7.333333333333333,1.5275252316519465,0,0,2560.671411673228,2560.6551225980124
0.8,common_validation_conformal_080,SDWPF-SCADA,MLP-QR,3,0.797649034424853,0.005914836872606432,0.1517078032096227,0.006351299627351773,379.8017578125,11.768934985559136,5.0,1.0,1,1,2560.671411673228,2560.6551225980124
0.8,common_validation_conformal_080,SDWPF-SCADA,RQR-MLP,3,0.9743650293870697,0.010695542279193303,0.31587209304173786,0.01878054948250222,500.2813212076823,23.856366937635254,9.666666666666666,0.5773502691896257,0,0,2560.671411673228,2560.6551225980124
0.8,common_validation_conformal_080,SDWPF-SCADA,SQR,3,0.829345088161209,0.014096645094193007,0.16484635571638742,0.006900555604515361,390.8249816894531,13.64111083321147,5.0,1.0,0,0,2560.671411673228,2560.6551225980124
0.8,common_validation_conformal_080,SDWPF-SCADA,Transformer-QR,3,0.7281696053736356,0.13993106591855098,0.1337662637233734,0.015206067212821278,432.9069519042969,125.86149464376071,5.333333333333333,4.509249752822894,1,1,2560.671411673228,2560.6551225980124
0.84,common_validation_conformal_084,WPF-SCADA,Proposed model,3,0.8239019407558734,0.011854107519022685,0.17304559548695883,0.006618290732812774,459.72350056966144,8.268824955551887,1.0,0.0,0,3,1342.3768135706584,1342.3665487766266
0.84,common_validation_conformal_084,WPF-SCADA,CNN-QR,3,0.8319373510384747,0.018490604575496557,0.22326263785362244,0.015972107919070052,653.7732137044271,44.057999831780855,7.333333333333333,0.5773502691896258,0,2,1342.3768135706584,1342.3665487766266
0.84,common_validation_conformal_084,WPF-SCADA,GRU-QR,3,0.8288729996595166,0.008475782298945337,0.19230085611343384,0.001836302135911256,555.9719034830729,12.600131554063065,2.0,0.0,0,3,1342.3768135706584,1342.3665487766266
0.84,common_validation_conformal_084,WPF-SCADA,KDE,3,0.8147088866189991,0.0014300306435138005,0.20326291024684906,0.00038218471475507873,684.293701171875,8.295401829207849,7.666666666666667,0.5773502691896258,0,3,1342.3768135706584,1342.3665487766266
0.84,common_validation_conformal_084,WPF-SCADA,LSTM-QR,3,0.8245829077289751,0.007154043399150324,0.19013730684916177,0.002238446821914142,568.0889689127604,5.250937708183037,3.0,0.0,0,3,1342.3768135706584,1342.3665487766266
0.84,common_validation_conformal_084,WPF-SCADA,LUBE-NN,3,0.8177732379979571,0.010908019672492329,0.28575952847798664,0.0024367285803191386,769.2531331380209,53.38633615243125,9.666666666666666,0.5773502691896257,0,3,1342.3768135706584,1342.3665487766266
0.84,common_validation_conformal_084,WPF-SCADA,MLP-QR,3,0.8186584950629895,0.013483661941617466,0.19032136599222818,0.006100023162172745,609.7631022135416,21.752514462630653,5.0,1.0,0,3,1342.3768135706584,1342.3665487766266
0.84,common_validation_conformal_084,WPF-SCADA,RQR-MLP,3,0.9701055498808308,0.006493511958728686,0.4026418427626292,0.0029017387473711407,745.4870808919271,8.213068120885282,9.333333333333334,0.5773502691896257,0,0,1342.3768135706584,1342.3665487766266
0.84,common_validation_conformal_084,WPF-SCADA,SQR,3,0.8000680966973102,0.005075831162024994,0.17570882042249045,0.00849007106994953,627.5323689778646,20.38447675761918,5.666666666666667,0.5773502691896258,2,3,1342.3768135706584,1342.3665487766266
0.84,common_validation_conformal_084,WPF-SCADA,Transformer-QR,3,0.8080354102826014,0.0023232852719416953,0.18483363091945648,0.0015117950176765252,603.1786499023438,7.33745641670045,4.333333333333333,0.5773502691896258,0,3,1342.3768135706584,1342.3665487766266
0.84,common_validation_conformal_084,Longyuan-SCADA,Proposed model,3,0.7872949256009156,0.014961524459131039,0.23458699882030487,0.014472040275859277,80.39199829101562,0.6376641015849802,1.0,0.0,2,3,846.0315461953481,846.0228373209635
0.84,common_validation_conformal_084,Longyuan-SCADA,CNN-QR,3,0.7655475009538345,0.004183844372274225,0.23123176395893097,0.00874283879202797,98.94674682617188,3.5334169420385395,8.0,1.0,3,3,846.0315461953481,846.0228373209635
0.84,common_validation_conformal_084,Longyuan-SCADA,GRU-QR,3,0.7260587561999238,0.016816725601987357,0.19089526931444803,0.008429557686634977,92.24727121988933,1.6441775623420196,4.0,1.0,3,3,846.0315461953481,846.0228373209635
0.84,common_validation_conformal_084,Longyuan-SCADA,KDE,3,0.7729874093857306,0.008280249681118136,0.23944054543972015,0.0132180870356782,98.3872782389323,3.351893633478756,8.0,1.0,3,3,846.0315461953481,846.0228373209635
0.84,common_validation_conformal_084,Longyuan-SCADA,LSTM-QR,3,0.7276484802238331,0.014683268028335241,0.189106414715449,0.012209511972671398,90.49556986490886,2.335925802289225,2.6666666666666665,1.1547005383792515,3,3,846.0315461953481,846.0228373209635
0.84,common_validation_conformal_084,Longyuan-SCADA,LUBE-NN,3,0.7729874093857306,0.008269254788894764,0.24718930820624033,0.014389009690156496,99.83883412679036,4.432034833916239,8.666666666666666,1.5275252316519468,3,3,846.0315461953481,846.0228373209635
0.84,common_validation_conformal_084,Longyuan-SCADA,MLP-QR,3,0.7700623171817372,0.02257694693894521,0.22446022927761078,0.012957543166023091,93.13789876302083,5.7872592898658395,5.0,1.7320508075688772,3,3,846.0315461953481,846.0228373209635
0.84,common_validation_conformal_084,Longyuan-SCADA,RQR-MLP,3,0.9174615286786213,0.011392366545369789,0.39419784148534137,0.008156710091300303,94.15296173095703,0.7444027423955637,5.333333333333333,0.5773502691896258,0,0,846.0315461953481,846.0228373209635
0.84,common_validation_conformal_084,Longyuan-SCADA,SQR,3,0.7256772224341854,0.004218493778614252,0.19112197061379751,0.0066684499704949525,100.53657786051433,4.409282359076448,9.333333333333334,1.1547005383792517,3,3,846.0315461953481,846.0228373209635
0.84,common_validation_conformal_084,Longyuan-SCADA,Transformer-QR,3,0.7692356606893043,0.005749440836838744,0.22405311465263367,0.008175328566774488,90.74269358317058,4.750945767567564,3.0,1.0,3,3,846.0315461953481,846.0228373209635
0.84,common_validation_conformal_084,SDWPF-SCADA,Proposed model,3,0.8573415197313182,0.04506482731571774,0.18117870887120566,0.0077962924227925326,344.68772379557294,19.90279783114458,2.3333333333333335,1.5275252316519465,0,1,2560.671411673228,2560.6551225980124
0.84,common_validation_conformal_084,SDWPF-SCADA,CNN-QR,3,0.8794867758186399,0.004273164215409297,0.22678014636039734,0.010170688237180977,447.665283203125,18.56130744346098,7.0,0.0,0,0,2560.671411673228,2560.6551225980124
0.84,common_validation_conformal_084,SDWPF-SCADA,GRU-QR,3,0.8185873215785054,0.02566535376530661,0.14110199610392252,0.009392251041280704,344.42091878255206,6.0154941591312046,2.6666666666666665,0.5773502691896258,1,3,2560.671411673228,2560.6551225980124
0.84,common_validation_conformal_084,SDWPF-SCADA,KDE,3,0.8688339630562553,0.012004630860211382,0.2271387924750646,0.011187443020551689,454.40159098307294,13.73494442419859,8.333333333333334,0.5773502691896257,0,0,2560.671411673228,2560.6551225980124
0.84,common_validation_conformal_084,SDWPF-SCADA,LSTM-QR,3,0.8253306045340049,0.014799116699787685,0.14613971610864004,0.011385847115508118,346.8494160970052,10.90892762560341,2.0,1.0,0,2,2560.671411673228,2560.6551225980124
0.84,common_validation_conformal_084,SDWPF-SCADA,LUBE-NN,3,0.8966204869857263,0.012965195677793237,0.2243953744570414,0.009119476493923775,450.2666727701823,28.654100894685723,7.666666666666667,1.5275252316519465,0,0,2560.671411673228,2560.6551225980124
0.84,common_validation_conformal_084,SDWPF-SCADA,MLP-QR,3,0.8322837951301428,0.004947392730758231,0.16813247402509054,0.007224175659780149,381.89330037434894,12.476806367588566,5.0,1.0,0,3,2560.671411673228,2560.6551225980124
0.84,common_validation_conformal_084,SDWPF-SCADA,RQR-MLP,3,0.9743650293870697,0.010695542279193303,0.31587209304173786,0.01878054948250222,500.2813212076823,23.856366937635254,9.666666666666666,0.5773502691896257,0,0,2560.671411673228,2560.6551225980124
0.84,common_validation_conformal_084,SDWPF-SCADA,SQR,3,0.867075986565911,0.012257964836990607,0.18985325594743094,0.009983566668665216,400.2218729654948,15.056925147015228,5.333333333333333,0.5773502691896258,0,0,2560.671411673228,2560.6551225980124
0.84,common_validation_conformal_084,SDWPF-SCADA,Transformer-QR,3,0.7564284214945424,0.1280867668637327,0.1452387571334839,0.007581672256073017,427.2918701171875,111.89562758221439,5.0,4.58257569495584,1,2,2560.671411673228,2560.6551225980124
0.86,common_validation_conformal_086,WPF-SCADA,Proposed model,3,0.8469867211440244,0.008587476836356966,0.18190579613049826,0.005070195160854504,462.45041910807294,7.8286269152377095,1.0,0.0,0,3,1342.3768135706584,1342.3665487766266
0.86,common_validation_conformal_086,WPF-SCADA,CNN-QR,3,0.8490296220633299,0.021083489704771273,0.23832101623217264,0.016214484198408777,659.2967122395834,41.550313776264574,7.333333333333333,0.5773502691896258,0,2,1342.3768135706584,1342.3665487766266
0.86,common_validation_conformal_086,WPF-SCADA,GRU-QR,3,0.8459652706843718,0.005139834780555296,0.2037067711353302,0.0017195024251751656,559.7543741861979,12.155675771582692,2.0,0.0,0,3,1342.3768135706584,1342.3665487766266
0.86,common_validation_conformal_086,WPF-SCADA,KDE,3,0.8284644194756554,0.0015868137824625109,0.2153980235258738,0.0005981366861001897,686.5688273111979,8.093217174547453,7.666666666666667,0.5773502691896258,0,3,1342.3768135706584,1342.3665487766266
0.86,common_validation_conformal_086,WPF-SCADA,LSTM-QR,3,0.8406537282941778,0.005694529056084314,0.20184820890426636,0.001827406131163228,571.4286905924479,4.864230320078067,3.0,0.0,0,3,1342.3768135706584,1342.3665487766266
0.86,common_validation_conformal_086,WPF-SCADA,LUBE-NN,3,0.8345931222335716,0.013063921441601569,0.29919198155403137,0.0021486823767616257,772.6404215494791,55.4600727712159,9.666666666666666,0.5773502691896257,0,3,1342.3768135706584,1342.3665487766266
0.86,common_validation_conformal_086,WPF-SCADA,MLP-QR,3,0.8340483486550901,0.016261713742548138,0.2023965617020925,0.008419956031920854,612.7470906575521,19.71434715949514,5.0,1.0,0,3,1342.3768135706584,1342.3665487766266
0.86,common_validation_conformal_086,WPF-SCADA,RQR-MLP,3,0.9701055498808308,0.006493511958728686,0.4026418427626292,0.0029017387473711407,745.4870808919271,8.213068120885282,9.333333333333334,0.5773502691896257,0,0,1342.3768135706584,1342.3665487766266
0.86,common_validation_conformal_086,WPF-SCADA,SQR,3,0.8190670752468505,0.0026973513544893833,0.1899370402097702,0.00622895311061883,628.7997233072916,20.21481320017965,5.666666666666667,0.5773502691896258,0,3,1342.3768135706584,1342.3665487766266
0.86,common_validation_conformal_086,WPF-SCADA,Transformer-QR,3,0.8239019407558734,0.00197010230050927,0.19667692482471466,0.000818215970391937,604.9128214518229,7.228470952997887,4.333333333333333,0.5773502691896258,0,3,1342.3768135706584,1342.3665487766266
0.86,common_validation_conformal_086,Longyuan-SCADA,Proposed model,3,0.8148289456950274,0.018441675745609017,0.24900164206822714,0.008615911825085398,80.46854146321614,0.5775926143316453,1.0,0.0,1,3,846.0315461953481,846.0228373209635
0.86,common_validation_conformal_086,Longyuan-SCADA,CNN-QR,3,0.7913646191021239,0.008006150698480046,0.26009653011957806,0.011101420606497277,98.3291753133138,3.513167740861402,7.666666666666667,1.1547005383792517,3,3,846.0315461953481,846.0228373209635
0.86,common_validation_conformal_086,Longyuan-SCADA,GRU-QR,3,0.759570138623935,0.012014275548026296,0.21386310954888663,0.011775122184219926,90.97483571370442,1.4871025158660431,3.6666666666666665,1.1547005383792515,3,3,846.0315461953481,846.0228373209635
0.86,common_validation_conformal_086,Longyuan-SCADA,KDE,3,0.7911738522192547,0.007549967437337045,0.26285548011461896,0.012955626736755793,97.96673583984375,3.3316699509987515,8.333333333333334,0.5773502691896257,3,3,846.0315461953481,846.0228373209635
0.86,common_validation_conformal_086,Longyuan-SCADA,LSTM-QR,3,0.7622408749841028,0.01900437776909195,0.212339386343956,0.020362723722460556,89.28685251871745,1.900767753341597,2.6666666666666665,1.1547005383792515,3,3,846.0315461953481,846.0228373209635
0.86,common_validation_conformal_086,Longyuan-SCADA,LUBE-NN,3,0.7932722879308152,0.0044097007370179,0.2690623998641968,0.013062569122518209,99.45616149902344,4.5604471240427555,9.0,1.0,3,3,846.0315461953481,846.0228373209635
0.86,common_validation_conformal_086,Longyuan-SCADA,MLP-QR,3,0.7939717665013354,0.01642922672246859,0.24906504154205322,0.005923520358826979,92.62525177001953,5.232920477426162,5.0,1.7320508075688772,2,3,846.0315461953481,846.0228373209635
0.86,common_validation_conformal_086,Longyuan-SCADA,RQR-MLP,3,0.9174615286786213,0.011392366545369789,0.39419784148534137,0.008156710091300303,94.15296173095703,0.7444027423955637,5.333333333333333,0.5773502691896258,0,0,846.0315461953481,846.0228373209635
0.86,common_validation_conformal_086,Longyuan-SCADA,SQR,3,0.7514943405824749,0.00822807737950572,0.21439352134863535,0.0107824416953113,99.1141866048177,4.261675432994331,9.0,1.7320508075688772,3,3,846.0315461953481,846.0228373209635
0.86,common_validation_conformal_086,Longyuan-SCADA,Transformer-QR,3,0.7887574717029123,0.00947198076121857,0.2390458583831787,0.007875488071664655,90.41850026448567,4.621188147100564,3.3333333333333335,1.1547005383792515,3,3,846.0315461953481,846.0228373209635
0.86,common_validation_conformal_086,SDWPF-SCADA,Proposed model,3,0.8819007136859781,0.029441791515407222,0.1883253405491511,0.009652560082299705,348.1306864420573,18.769562463067878,2.3333333333333335,1.5275252316519465,0,1,2560.671411673228,2560.6551225980124
0.86,common_validation_conformal_086,SDWPF-SCADA,CNN-QR,3,0.8978274559193954,0.0026307895099289247,0.24427569409211478,0.00836704381648152,459.4842020670573,17.13650351320092,7.0,0.0,0,0,2560.671411673228,2560.6551225980124
0.86,common_validation_conformal_086,SDWPF-SCADA,GRU-QR,3,0.8444846767422334,0.019948457386682196,0.1543024182319641,0.00781515328770792,347.5089416503906,4.622171868833231,2.3333333333333335,0.5773502691896258,0,3,2560.671411673228,2560.6551225980124
0.86,common_validation_conformal_086,SDWPF-SCADA,KDE,3,0.8912678421494542,0.014718159616465411,0.24494324624538422,0.012049032949825917,465.49814860026044,15.171284500373089,8.0,0.0,0,0,2560.671411673228,2560.6551225980124
0.86,common_validation_conformal_086,SDWPF-SCADA,LSTM-QR,3,0.8534319899244333,0.01167192539948742,0.16105794409910837,0.010856079211578775,351.3149108886719,11.560506229253456,2.3333333333333335,1.1547005383792515,0,2,2560.671411673228,2560.6551225980124
0.86,common_validation_conformal_086,SDWPF-SCADA,LUBE-NN,3,0.9118387909319899,0.01244524526848363,0.2455504983663559,0.009164278433022225,467.1385498046875,26.552198243138832,8.0,1.7320508075688772,0,0,2560.671411673228,2560.6551225980124
0.86,common_validation_conformal_086,SDWPF-SCADA,MLP-QR,3,0.8571053736356004,0.007381777935909135,0.18341227372487387,0.006807104810539253,387.19130452473956,12.271820331069247,5.0,1.0,0,2,2560.671411673228,2560.6551225980124
0.86,common_validation_conformal_086,SDWPF-SCADA,RQR-MLP,3,0.9743650293870697,0.010695542279193303,0.31587209304173786,0.01878054948250222,500.2813212076823,23.856366937635254,9.666666666666666,0.5773502691896257,0,0,2560.671411673228,2560.6551225980124
0.86,common_validation_conformal_086,SDWPF-SCADA,SQR,3,0.8884078505457599,0.01295108985949475,0.20706263184547424,0.011746121092566906,410.54054768880206,16.24647257789622,5.333333333333333,0.5773502691896258,0,0,2560.671411673228,2560.6551225980124
0.86,common_validation_conformal_086,SDWPF-SCADA,Transformer-QR,3,0.7858154911838792,0.116113648667462,0.15872852007548013,0.006882037154240526,423.32313028971356,98.41659872939728,5.0,4.58257569495584,1,2,2560.671411673228,2560.6551225980124
0.88,common_validation_conformal_088,WPF-SCADA,Proposed model,3,0.8696629213483146,0.003538408187066193,0.19272700945536295,0.004559994751019367,467.96612548828125,7.681641795512076,1.0,0.0,0,3,1342.3768135706584,1342.3665487766266
0.88,common_validation_conformal_088,WPF-SCADA,CNN-QR,3,0.8676881171263194,0.01888145948142574,0.25830725332101184,0.012172799270832894,669.2049763997396,40.924654012385034,7.333333333333333,0.5773502691896258,0,2,1342.3768135706584,1342.3665487766266
0.88,common_validation_conformal_088,WPF-SCADA,GRU-QR,3,0.8621041879468846,0.002896311926201811,0.2163854787747065,0.0010378001944700247,565.7828165690104,12.025671307938035,2.0,0.0,0,3,1342.3768135706584,1342.3665487766266
0.88,common_validation_conformal_088,WPF-SCADA,KDE,3,0.8390194075587335,0.002671439597675611,0.22978164752324423,0.0020473925826297607,690.8811442057291,7.434622929965313,7.666666666666667,0.5773502691896258,0,3,1342.3768135706584,1342.3665487766266
0.88,common_validation_conformal_088,WPF-SCADA,LSTM-QR,3,0.856996935648621,0.004627069112525467,0.21566936870416006,0.0009814257026470776,577.3586222330729,4.369842542119894,3.0,0.0,0,3,1342.3768135706584,1342.3665487766266
0.88,common_validation_conformal_088,WPF-SCADA,LUBE-NN,3,0.8525025536261491,0.009536212475574079,0.31426529089609784,0.00286962553852943,778.4447631835938,56.57322744921228,9.666666666666666,0.5773502691896257,0,3,1342.3768135706584,1342.3665487766266
0.88,common_validation_conformal_088,WPF-SCADA,MLP-QR,3,0.8542730677562139,0.01807168828520991,0.22150976955890656,0.010129502964456815,620.4786987304688,16.42569571494331,5.333333333333333,0.5773502691896258,0,3,1342.3768135706584,1342.3665487766266
0.88,common_validation_conformal_088,WPF-SCADA,RQR-MLP,3,0.9701055498808308,0.006493511958728686,0.4026418427626292,0.0029017387473711407,745.4870808919271,8.213068120885282,9.333333333333334,0.5773502691896257,0,0,1342.3768135706584,1342.3665487766266
0.88,common_validation_conformal_088,WPF-SCADA,SQR,3,0.8421518556350017,0.004148313084240562,0.2111758589744568,0.0028934581872323657,634.5906778971354,20.760100296608666,5.666666666666667,0.5773502691896258,0,3,1342.3768135706584,1342.3665487766266
0.88,common_validation_conformal_088,WPF-SCADA,Transformer-QR,3,0.8416751787538305,0.0030093809729634553,0.20947561661402384,0.0026557605308763386,608.6566365559896,6.412461029299767,4.0,0.0,0,3,1342.3768135706584,1342.3665487766266
0.88,common_validation_conformal_088,Longyuan-SCADA,Proposed model,3,0.8416634872186188,0.014255277903296025,0.26847386360168457,0.002301894065706904,81.10181681315105,0.8242744248724464,1.0,0.0,0,3,846.0315461953481,846.0228373209635
0.88,common_validation_conformal_088,Longyuan-SCADA,CNN-QR,3,0.8143838229683326,0.014008057802888822,0.28977109988530475,0.014861912877498905,98.46797943115234,3.2947173630411264,8.0,1.0,1,3,846.0315461953481,846.0228373209635
0.88,common_validation_conformal_088,Longyuan-SCADA,GRU-QR,3,0.7970876255881979,0.01910750404367648,0.2457885593175888,0.021113187802034136,90.40957387288411,1.3149585459891542,3.6666666666666665,1.1547005383792515,2,3,846.0315461953481,846.0228373209635
0.88,common_validation_conformal_088,Longyuan-SCADA,KDE,3,0.8208698969858833,0.014327850233212843,0.29719360669453937,0.018423867015907633,98.24311828613281,3.1739858372549135,8.666666666666666,1.1547005383792517,0,3,846.0315461953481,846.0228373209635
0.88,common_validation_conformal_088,Longyuan-SCADA,LSTM-QR,3,0.7944804781889863,0.022714347133463444,0.2413680007060369,0.027651910332686363,88.79079945882161,2.0885577689566905,2.3333333333333335,0.5773502691896258,2,3,846.0315461953481,846.0228373209635
0.88,common_validation_conformal_088,Longyuan-SCADA,LUBE-NN,3,0.8265929034719571,0.011364647850901508,0.30990563829739887,0.017446208834503218,99.91910298665364,4.662270292592724,9.0,1.7320508075688772,0,3,846.0315461953481,846.0228373209635
0.88,common_validation_conformal_088,Longyuan-SCADA,MLP-QR,3,0.8135571664758997,0.0197601097488865,0.27093814810117084,0.005374746325151881,92.77661895751953,4.737276094312413,5.333333333333333,1.1547005383792517,0,3,846.0315461953481,846.0228373209635
0.88,common_validation_conformal_088,Longyuan-SCADA,RQR-MLP,3,0.9174615286786213,0.011392366545369789,0.39419784148534137,0.008156710091300303,94.15296173095703,0.7444027423955637,5.333333333333333,0.5773502691896258,0,0,846.0315461953481,846.0228373209635
0.88,common_validation_conformal_088,Longyuan-SCADA,SQR,3,0.7745135444486837,0.014689049980923352,0.2385962059100469,0.013652916513817084,98.28842163085938,4.535395840026108,8.333333333333334,1.1547005383792517,3,3,846.0315461953481,846.0228373209635
0.88,common_validation_conformal_088,Longyuan-SCADA,Transformer-QR,3,0.8204247742591887,0.015592008039801456,0.2718048393726349,0.012049795175532754,90.65155792236328,4.1550184206644,3.3333333333333335,1.1547005383792515,0,3,846.0315461953481,846.0228373209635
0.88,common_validation_conformal_088,SDWPF-SCADA,Proposed model,3,0.9061188077246012,0.021657790470198543,0.19813595712184906,0.010429794611247026,355.1437276204427,16.99158663008856,2.3333333333333335,1.5275252316519465,0,0,2560.671411673228,2560.6551225980124
0.88,common_validation_conformal_088,SDWPF-SCADA,CNN-QR,3,0.9163518052057095,0.002363209540133835,0.26548661788304645,0.01104095087530866,476.7716776529948,19.479805312743927,7.0,0.0,0,0,2560.671411673228,2560.6551225980124
0.88,common_validation_conformal_088,SDWPF-SCADA,GRU-QR,3,0.8718513853904283,0.017697482979761422,0.17130641142527261,0.007193797721368025,355.0177917480469,4.750245310796035,2.0,1.0,0,1,2560.671411673228,2560.6551225980124
0.88,common_validation_conformal_088,SDWPF-SCADA,KDE,3,0.9097397145256089,0.011234349290640794,0.2654871841271718,0.011125778853417378,481.11712646484375,16.553436092114577,8.0,0.0,0,0,2560.671411673228,2560.6551225980124
0.88,common_validation_conformal_088,SDWPF-SCADA,LSTM-QR,3,0.8780698992443324,0.015619199365518106,0.1772846132516861,0.01030858650735607,359.6194356282552,11.7398712089949,2.3333333333333335,1.1547005383792515,0,2,2560.671411673228,2560.6551225980124
0.88,common_validation_conformal_088,SDWPF-SCADA,LUBE-NN,3,0.926453610411419,0.011437408481234498,0.269687553246816,0.010785596674585458,488.9954427083333,25.698418701505986,8.333333333333334,2.081665999466133,0,0,2560.671411673228,2560.6551225980124
0.88,common_validation_conformal_088,SDWPF-SCADA,MLP-QR,3,0.8826353904282116,0.002658902039366227,0.20125400523344675,0.0063663459374188,396.6476135253906,12.43416062691036,5.0,1.0,0,0,2560.671411673228,2560.6551225980124
0.88,common_validation_conformal_088,SDWPF-SCADA,RQR-MLP,3,0.9743650293870697,0.010695542279193303,0.31587209304173786,0.01878054948250222,500.2813212076823,23.856366937635254,9.333333333333334,0.5773502691896257,0,0,2560.671411673228,2560.6551225980124
0.88,common_validation_conformal_088,SDWPF-SCADA,SQR,3,0.9075619227539882,0.010723891238773278,0.22580331563949585,0.014565419596336358,424.6554361979167,19.140185846364155,5.333333333333333,0.5773502691896258,0,0,2560.671411673228,2560.6551225980124
0.88,common_validation_conformal_088,SDWPF-SCADA,Transformer-QR,3,0.8165407220822837,0.09449747085716129,0.17486404875914255,0.006967524922992805,420.60596720377606,83.71583562419912,5.333333333333333,4.163331998932266,1,3,2560.671411673228,2560.6551225980124
