calibration_target,public_dataset,seed,baseline,block_length,n_test,mean_winkler_baseline_minus_ours,ci95_low,ci95_high,p_two_sided_block_bootstrap,ours_significantly_lower_95
0.88,WPF-SCADA,42,MLP-QR,12,4895,155.95771911434062,122.9835395802078,188.61436074339696,0.0,True
0.88,WPF-SCADA,42,MLP-QR,24,4895,155.95771911434062,122.0884068748778,192.78906515135094,0.0,True
0.88,WPF-SCADA,42,MLP-QR,48,4895,155.95771911434062,123.68428811514585,194.10529973638916,0.0,True
0.88,WPF-SCADA,42,LSTM-QR,12,4895,110.09331441222709,86.99358146067416,136.6095515750499,0.0,True
0.88,WPF-SCADA,42,LSTM-QR,24,4895,110.09331441222709,85.93630422184977,137.77180751110848,0.0,True
0.88,WPF-SCADA,42,LSTM-QR,48,4895,110.09331441222709,85.74275904794757,138.42648878228064,0.0,True
0.88,WPF-SCADA,42,GRU-QR,12,4895,94.14605038324342,74.4369906971574,115.70398882358383,0.0,True
0.88,WPF-SCADA,42,GRU-QR,24,4895,94.14605038324342,74.08360513252671,117.81289056125284,0.0,True
0.88,WPF-SCADA,42,GRU-QR,48,4895,94.14605038324342,73.80578881128329,116.43753154064953,0.0,True
0.88,WPF-SCADA,42,CNN-QR,12,4895,205.1916677410683,175.91656359383228,238.02021989645095,0.0,True
0.88,WPF-SCADA,42,CNN-QR,24,4895,205.1916677410683,174.40973712363942,241.07858991800214,0.0,True
0.88,WPF-SCADA,42,CNN-QR,48,4895,205.1916677410683,172.08859619935515,239.80702360657799,0.0,True
0.88,WPF-SCADA,42,Transformer-QR,12,4895,146.22154373932665,115.12862292374483,181.51852121853852,0.0,True
0.88,WPF-SCADA,42,Transformer-QR,24,4895,146.22154373932665,114.03700590529164,180.69295035372951,0.0,True
0.88,WPF-SCADA,42,Transformer-QR,48,4895,146.22154373932665,113.54528572199415,185.0253009257643,0.0,True
0.88,WPF-SCADA,42,SQR,12,4895,190.9693509126221,152.77123920382226,238.6532400947547,0.0,True
0.88,WPF-SCADA,42,SQR,24,4895,190.9693509126221,145.9930209161994,240.87978245081524,0.0,True
0.88,WPF-SCADA,42,SQR,48,4895,190.9693509126221,144.2102779361152,242.58372237613665,0.0,True
0.88,WPF-SCADA,42,LUBE-NN,12,4895,268.7254152946745,246.17224100785066,294.73166891158417,0.0,True
0.88,WPF-SCADA,42,LUBE-NN,24,4895,268.7254152946745,242.81585529362462,294.49513343366834,0.0,True
0.88,WPF-SCADA,42,LUBE-NN,48,4895,268.7254152946745,243.4417705170395,293.969784307587,0.0,True
0.88,WPF-SCADA,42,RQR-MLP,12,4895,272.2963960080639,250.72949258993305,291.872782099941,0.0,True
0.88,WPF-SCADA,42,RQR-MLP,24,4895,272.2963960080639,246.88435277594002,298.1117350818919,0.0,True
0.88,WPF-SCADA,42,RQR-MLP,48,4895,272.2963960080639,241.1974192785121,300.7503379001949,0.0,True
0.88,WPF-SCADA,42,KDE,12,4895,221.30342134781586,182.61071047228617,262.9995311892142,0.0,True
0.88,WPF-SCADA,42,KDE,24,4895,221.30342134781586,180.76951284375448,268.80727583607563,0.0,True
0.88,WPF-SCADA,42,KDE,48,4895,221.30342134781586,177.70893325587457,268.4238362818281,0.0,True
0.88,Longyuan-SCADA,42,MLP-QR,12,5242,7.114199865414686,5.1453509056854685,9.07961323243068,0.0,True
0.88,Longyuan-SCADA,42,MLP-QR,24,5242,7.114199865414686,4.892985505604735,9.372205729950297,0.0,True
0.88,Longyuan-SCADA,42,MLP-QR,48,5242,7.114199865414686,4.671617746071159,9.654665371599382,0.0,True
0.88,Longyuan-SCADA,42,LSTM-QR,12,5242,6.476044706878022,4.00484595489793,9.062208937588922,0.0,True
0.88,Longyuan-SCADA,42,LSTM-QR,24,5242,6.476044706878022,3.70705195145496,9.414169211025595,0.0,True
0.88,Longyuan-SCADA,42,LSTM-QR,48,5242,6.476044706878022,3.503160075248084,9.758438895440927,0.0,True
0.88,Longyuan-SCADA,42,GRU-QR,12,5242,8.960085766591083,6.376072663589545,11.716389111206306,0.0,True
0.88,Longyuan-SCADA,42,GRU-QR,24,5242,8.960085766591083,5.951420255737058,12.261182064338744,0.0,True
0.88,Longyuan-SCADA,42,GRU-QR,48,5242,8.960085766591083,5.528085212532867,12.522107855794262,0.0,True
0.88,Longyuan-SCADA,42,CNN-QR,12,5242,14.481446818512207,12.158955156216408,16.828973953098977,0.0,True
0.88,Longyuan-SCADA,42,CNN-QR,24,5242,14.481446818512207,11.739054608717987,17.109650812136312,0.0,True
0.88,Longyuan-SCADA,42,CNN-QR,48,5242,14.481446818512207,11.224935976370107,17.536069427524435,0.0,True
0.88,Longyuan-SCADA,42,Transformer-QR,12,5242,5.624574530993377,3.069108836817314,8.243161298181656,0.0,True
0.88,Longyuan-SCADA,42,Transformer-QR,24,5242,5.624574530993377,2.5662713197113587,8.440762710371168,0.001,True
0.88,Longyuan-SCADA,42,Transformer-QR,48,5242,5.624574530993377,1.9978627067629229,8.983617740366942,0.003,True
0.88,Longyuan-SCADA,42,SQR,12,5242,14.503398577250946,10.086034299125657,18.99164177762875,0.0,True
0.88,Longyuan-SCADA,42,SQR,24,5242,14.503398577250946,9.324946387448142,19.879901387390404,0.0,True
0.88,Longyuan-SCADA,42,SQR,48,5242,14.503398577250946,8.609696367995877,20.8350706618508,0.0,True
0.88,Longyuan-SCADA,42,LUBE-NN,12,5242,14.398951130575554,11.785019260378842,16.95315672297916,0.0,True
0.88,Longyuan-SCADA,42,LUBE-NN,24,5242,14.398951130575554,11.7180399449351,17.32606217080698,0.0,True
0.88,Longyuan-SCADA,42,LUBE-NN,48,5242,14.398951130575554,11.153480040813301,17.583230044558864,0.0,True
0.88,Longyuan-SCADA,42,RQR-MLP,12,5242,13.154394257482524,9.434203336958392,16.410058449498106,0.0,True
0.88,Longyuan-SCADA,42,RQR-MLP,24,5242,13.154394257482524,8.61260994376685,17.252057905926677,0.0,True
0.88,Longyuan-SCADA,42,RQR-MLP,48,5242,13.154394257482524,7.17903482815729,18.062794062164347,0.0,True
0.88,Longyuan-SCADA,42,KDE,12,5242,14.733838206891201,12.108873119903675,17.593592706048632,0.0,True
0.88,Longyuan-SCADA,42,KDE,24,5242,14.733838206891201,11.621426486450495,17.91575532059595,0.0,True
0.88,Longyuan-SCADA,42,KDE,48,5242,14.733838206891201,11.092837280310187,18.598301155218767,0.0,True
0.88,SDWPF-SCADA,42,MLP-QR,12,12704,62.8585875256536,55.57850098886178,69.94460190690734,0.0,True
0.88,SDWPF-SCADA,42,MLP-QR,24,12704,62.8585875256536,53.741811606775904,72.29819316257456,0.0,True
0.88,SDWPF-SCADA,42,MLP-QR,48,12704,62.8585875256536,52.144757902742334,75.09833451020026,0.0,True
0.88,SDWPF-SCADA,42,LSTM-QR,12,12704,-1.9477424477449892,-7.062525745032716,3.203806226049322,0.433,False
0.88,SDWPF-SCADA,42,LSTM-QR,24,12704,-1.9477424477449892,-7.759615465825991,3.9584502613214148,0.533,False
0.88,SDWPF-SCADA,42,LSTM-QR,48,12704,-1.9477424477449892,-8.908956778259663,5.014548739618258,0.604,False
0.88,SDWPF-SCADA,42,GRU-QR,12,12704,3.625980482894167,-1.6440402019234088,8.756207293166922,0.178,False
0.88,SDWPF-SCADA,42,GRU-QR,24,12704,3.625980482894167,-2.4655864076290084,9.895986062003018,0.237,False
0.88,SDWPF-SCADA,42,GRU-QR,48,12704,3.625980482894167,-3.4640149539303717,10.80365826540089,0.332,False
0.88,SDWPF-SCADA,42,CNN-QR,12,12704,108.69797214632972,100.38899799453222,117.84159178391512,0.0,True
0.88,SDWPF-SCADA,42,CNN-QR,24,12704,108.69797214632972,97.36276798470494,119.61118694805077,0.0,True
0.88,SDWPF-SCADA,42,CNN-QR,48,12704,108.69797214632972,94.82831355075092,122.51302484354984,0.0,True
0.88,SDWPF-SCADA,42,Transformer-QR,12,12704,46.64365339519395,38.465488301146245,55.38436803697638,0.0,True
0.88,SDWPF-SCADA,42,Transformer-QR,24,12704,46.64365339519395,36.23599377372103,58.32829685370328,0.0,True
0.88,SDWPF-SCADA,42,Transformer-QR,48,12704,46.64365339519395,33.4173957814798,61.087645631503094,0.0,True
0.88,SDWPF-SCADA,42,SQR,12,12704,57.07752894154123,48.63907697056643,65.9161180088442,0.0,True
0.88,SDWPF-SCADA,42,SQR,24,12704,57.07752894154123,45.450911004867606,68.9757583862588,0.0,True
0.88,SDWPF-SCADA,42,SQR,48,12704,57.07752894154123,42.5845762159422,71.22420597785064,0.0,True
0.88,SDWPF-SCADA,42,LUBE-NN,12,12704,123.43461073916265,111.30348172884445,136.5128842186267,0.0,True
0.88,SDWPF-SCADA,42,LUBE-NN,24,12704,123.43461073916265,107.00455896563135,141.02675626683293,0.0,True
0.88,SDWPF-SCADA,42,LUBE-NN,48,12704,123.43461073916265,101.19378577500807,143.86272326779905,0.0,True
0.88,SDWPF-SCADA,42,RQR-MLP,12,12704,124.5951264907491,116.22168683318107,133.1636383056941,0.0,True
0.88,SDWPF-SCADA,42,RQR-MLP,24,12704,124.5951264907491,113.03763493930062,135.39924085125213,0.0,True
0.88,SDWPF-SCADA,42,RQR-MLP,48,12704,124.5951264907491,109.85609783783968,137.65014506920758,0.0,True
0.88,SDWPF-SCADA,42,KDE,12,12704,116.75890921465395,109.37976744661404,124.74912567483989,0.0,True
0.88,SDWPF-SCADA,42,KDE,24,12704,116.75890921465395,106.44020837254128,127.33589154878251,0.0,True
0.88,SDWPF-SCADA,42,KDE,48,12704,116.75890921465395,103.94952009589005,129.34854712957699,0.0,True
0.88,WPF-SCADA,43,MLP-QR,12,4895,159.84725495787515,124.2454214733151,199.44463300788726,0.0,True
0.88,WPF-SCADA,43,MLP-QR,24,4895,159.84725495787515,121.18240880527829,202.51848281112214,0.0,True
0.88,WPF-SCADA,43,MLP-QR,48,4895,159.84725495787515,121.67068722484304,204.24523502758984,0.0,True
0.88,WPF-SCADA,43,LSTM-QR,12,4895,105.74860890966148,78.00278330568152,136.06497860777,0.0,True
0.88,WPF-SCADA,43,LSTM-QR,24,4895,105.74860890966148,76.95256610313159,138.3026660203008,0.0,True
0.88,WPF-SCADA,43,LSTM-QR,48,4895,105.74860890966148,76.88475155885908,135.924490024929,0.0,True
0.88,WPF-SCADA,43,GRU-QR,12,4895,103.0419236647827,77.52443538926838,131.3376757020726,0.0,True
0.88,WPF-SCADA,43,GRU-QR,24,4895,103.0419236647827,75.29227278665576,132.27191477836942,0.0,True
0.88,WPF-SCADA,43,GRU-QR,48,4895,103.0419236647827,77.30122128339539,132.50052492416424,0.0,True
0.88,WPF-SCADA,43,CNN-QR,12,4895,232.81853796050058,194.960436062993,277.3379982680417,0.0,True
0.88,WPF-SCADA,43,CNN-QR,24,4895,232.81853796050058,191.498848806504,280.9089548826753,0.0,True
0.88,WPF-SCADA,43,CNN-QR,48,4895,232.81853796050058,192.95400902160705,279.1496785041723,0.0,True
0.88,WPF-SCADA,43,Transformer-QR,12,4895,136.45273576527987,106.37555551795843,170.13569342031656,0.0,True
0.88,WPF-SCADA,43,Transformer-QR,24,4895,136.45273576527987,103.35482009809765,171.10463859410035,0.0,True
0.88,WPF-SCADA,43,Transformer-QR,48,4895,136.45273576527987,102.861205185295,172.63421745915934,0.0,True
0.88,WPF-SCADA,43,SQR,12,4895,155.79027097739043,119.93141933515197,194.38906893253812,0.0,True
0.88,WPF-SCADA,43,SQR,24,4895,155.79027097739043,119.45962520377263,195.69379509400778,0.0,True
0.88,WPF-SCADA,43,SQR,48,4895,155.79027097739043,117.77451608036341,198.33272189334173,0.0,True
0.88,WPF-SCADA,43,LUBE-NN,12,4895,282.44864998837903,255.97483723095903,310.5282851672537,0.0,True
0.88,WPF-SCADA,43,LUBE-NN,24,4895,282.44864998837903,252.9814986252127,312.4934495655095,0.0,True
0.88,WPF-SCADA,43,LUBE-NN,48,4895,282.44864998837903,250.1558722046958,312.761169565608,0.0,True
0.88,WPF-SCADA,43,RQR-MLP,12,4895,268.10844292645555,244.66290248446128,290.62470747108966,0.0,True
0.88,WPF-SCADA,43,RQR-MLP,24,4895,268.10844292645555,237.6346992283822,296.24993964767066,0.0,True
0.88,WPF-SCADA,43,RQR-MLP,48,4895,268.10844292645555,232.2018461855147,302.09807982182707,0.0,True
0.88,WPF-SCADA,43,KDE,12,4895,222.86075388330727,179.17685363987735,269.37226860677623,0.0,True
0.88,WPF-SCADA,43,KDE,24,4895,222.86075388330727,177.25846390269263,275.13180868255955,0.0,True
0.88,WPF-SCADA,43,KDE,48,4895,222.86075388330727,178.27678031305734,271.18409069696406,0.0,True
0.88,Longyuan-SCADA,43,MLP-QR,12,5242,13.729805143313389,10.040233441783652,17.83780027230883,0.0,True
0.88,Longyuan-SCADA,43,MLP-QR,24,5242,13.729805143313389,9.32782792157228,18.169855783850757,0.0,True
0.88,Longyuan-SCADA,43,MLP-QR,48,5242,13.729805143313389,9.086117513067892,18.49137937984408,0.0,True
0.88,Longyuan-SCADA,43,LSTM-QR,12,5242,9.676541943351808,6.099547865953849,13.208181323462975,0.0,True
0.88,Longyuan-SCADA,43,LSTM-QR,24,5242,9.676541943351808,5.626088380904564,13.609760404233482,0.0,True
0.88,Longyuan-SCADA,43,LSTM-QR,48,5242,9.676541943351808,5.5318451200810514,14.136761479794364,0.0,True
0.88,Longyuan-SCADA,43,GRU-QR,12,5242,10.596090302945822,6.968484130382356,14.409063187349574,0.0,True
0.88,Longyuan-SCADA,43,GRU-QR,24,5242,10.596090302945822,6.728038837772342,14.91561774567127,0.0,True
0.88,Longyuan-SCADA,43,GRU-QR,48,5242,10.596090302945822,6.098098974935611,15.487339181601657,0.0,True
0.88,Longyuan-SCADA,43,CNN-QR,12,5242,19.66115713792646,15.401193406580969,24.029144033572457,0.0,True
0.88,Longyuan-SCADA,43,CNN-QR,24,5242,19.66115713792646,14.906058434746914,24.671999372357128,0.0,True
0.88,Longyuan-SCADA,43,CNN-QR,48,5242,19.66115713792646,14.002288435243187,25.754294085966546,0.0,True
0.88,Longyuan-SCADA,43,Transformer-QR,12,5242,11.760920110889538,8.085812757953075,15.446192444321397,0.0,True
0.88,Longyuan-SCADA,43,Transformer-QR,24,5242,11.760920110889538,7.732592837549448,15.895762739423484,0.0,True
0.88,Longyuan-SCADA,43,Transformer-QR,48,5242,11.760920110889538,7.484919128787285,16.189427404001624,0.0,True
0.88,Longyuan-SCADA,43,SQR,12,5242,22.189583149996935,16.762959681445068,27.633738015299304,0.0,True
0.88,Longyuan-SCADA,43,SQR,24,5242,22.189583149996935,16.464679800167836,28.474089613146365,0.0,True
0.88,Longyuan-SCADA,43,SQR,48,5242,22.189583149996935,16.101032712713355,28.780611801347582,0.0,True
0.88,Longyuan-SCADA,43,LUBE-NN,12,5242,22.222502803766105,17.027469838552467,27.601797871460487,0.0,True
0.88,Longyuan-SCADA,43,LUBE-NN,24,5242,22.222502803766105,16.12799963380762,28.736424818442824,0.0,True
0.88,Longyuan-SCADA,43,LUBE-NN,48,5242,22.222502803766105,14.886242619728778,29.31522957949363,0.0,True
0.88,Longyuan-SCADA,43,RQR-MLP,12,5242,12.996934031312223,9.680267860970392,15.914137640266826,0.0,True
0.88,Longyuan-SCADA,43,RQR-MLP,24,5242,12.996934031312223,8.86571623366646,16.672421362553784,0.0,True
0.88,Longyuan-SCADA,43,RQR-MLP,48,5242,12.996934031312223,7.558312446558944,17.58739308451296,0.0,True
0.88,Longyuan-SCADA,43,KDE,12,5242,20.09353771013233,15.760137684888305,24.578403598277088,0.0,True
0.88,Longyuan-SCADA,43,KDE,24,5242,20.09353771013233,14.905844633882166,25.058460964068612,0.0,True
0.88,Longyuan-SCADA,43,KDE,48,5242,20.09353771013233,14.306448957702669,26.072479176312076,0.0,True
0.88,SDWPF-SCADA,43,MLP-QR,12,12704,46.55297545521926,36.59228433814997,56.57026813765916,0.0,True
0.88,SDWPF-SCADA,43,MLP-QR,24,12704,46.55297545521926,34.67118541749959,58.665070553300346,0.0,True
0.88,SDWPF-SCADA,43,MLP-QR,48,12704,46.55297545521926,31.831813794359455,61.58926719820468,0.0,True
0.88,SDWPF-SCADA,43,LSTM-QR,12,12704,21.9112615441195,12.712101000232119,30.944109283586585,0.0,True
0.88,SDWPF-SCADA,43,LSTM-QR,24,12704,21.9112615441195,10.767771701878806,32.728188450270395,0.0,True
0.88,SDWPF-SCADA,43,LSTM-QR,48,12704,21.9112615441195,7.31942840394205,36.087846131408845,0.002,True
0.88,SDWPF-SCADA,43,GRU-QR,12,12704,17.701267332514227,8.147703013792446,27.224881741472093,0.0,True
0.88,SDWPF-SCADA,43,GRU-QR,24,12704,17.701267332514227,6.045024112339885,28.865890809090367,0.004,True
0.88,SDWPF-SCADA,43,GRU-QR,48,12704,17.701267332514227,4.13724039216486,31.24540667945251,0.011,True
0.88,SDWPF-SCADA,43,CNN-QR,12,12704,153.00145548236762,140.48819578375563,165.99858763425115,0.0,True
0.88,SDWPF-SCADA,43,CNN-QR,24,12704,153.00145548236762,135.5924310913014,169.2783483318778,0.0,True
0.88,SDWPF-SCADA,43,CNN-QR,48,12704,153.00145548236762,132.07921517964274,173.91585404461514,0.0,True
0.88,SDWPF-SCADA,43,Transformer-QR,12,12704,171.42068767067167,151.44051236427703,193.3644565668154,0.0,True
0.88,SDWPF-SCADA,43,Transformer-QR,24,12704,171.42068767067167,146.22760779737527,196.48073899730923,0.0,True
0.88,SDWPF-SCADA,43,Transformer-QR,48,12704,171.42068767067167,137.01508371343542,205.81501448124422,0.0,True
0.88,SDWPF-SCADA,43,SQR,12,12704,100.72096014022827,90.32888482833089,111.28392462802475,0.0,True
0.88,SDWPF-SCADA,43,SQR,24,12704,100.72096014022827,87.8242389093118,113.76781885897182,0.0,True
0.88,SDWPF-SCADA,43,SQR,48,12704,100.72096014022827,83.89733148473937,116.24383994286846,0.0,True
0.88,SDWPF-SCADA,43,LUBE-NN,12,12704,134.12701601585752,120.75114103462595,148.12976304469842,0.0,True
0.88,SDWPF-SCADA,43,LUBE-NN,24,12704,134.12701601585752,115.53795035005517,152.5951319772891,0.0,True
0.88,SDWPF-SCADA,43,LUBE-NN,48,12704,134.12701601585752,113.0366628673575,155.8326630470134,0.0,True
0.88,SDWPF-SCADA,43,RQR-MLP,12,12704,170.76413119650007,161.43511200827973,179.7997573684385,0.0,True
0.88,SDWPF-SCADA,43,RQR-MLP,24,12704,170.76413119650007,159.0416488390125,182.76674185937236,0.0,True
0.88,SDWPF-SCADA,43,RQR-MLP,48,12704,170.76413119650007,155.87587532618784,185.9588767835415,0.0,True
0.88,SDWPF-SCADA,43,KDE,12,12704,155.2229565793381,142.82633864152942,167.87775270890828,0.0,True
0.88,SDWPF-SCADA,43,KDE,24,12704,155.2229565793381,139.02663469248515,170.34227195891086,0.0,True
0.88,SDWPF-SCADA,43,KDE,48,12704,155.2229565793381,134.77269585567998,175.41337523325262,0.0,True
0.88,WPF-SCADA,44,MLP-QR,12,4895,141.73274148350717,114.48195392737227,171.5897035988796,0.0,True
0.88,WPF-SCADA,44,MLP-QR,24,4895,141.73274148350717,112.25198499233414,173.73067849584933,0.0,True
0.88,WPF-SCADA,44,MLP-QR,48,4895,141.73274148350717,110.2143188283295,175.62128813995886,0.0,True
0.88,WPF-SCADA,44,LSTM-QR,12,4895,112.33560817823712,87.34546107602922,138.20689042680718,0.0,True
0.88,WPF-SCADA,44,LSTM-QR,24,4895,112.33560817823712,85.54953238388856,140.7170589017624,0.0,True
0.88,WPF-SCADA,44,LSTM-QR,48,4895,112.33560817823712,86.61480243375036,142.1411455888913,0.0,True
0.88,WPF-SCADA,44,GRU-QR,12,4895,96.26202069634193,75.36778343660474,118.65174598015851,0.0,True
0.88,WPF-SCADA,44,GRU-QR,24,4895,96.26202069634193,73.27959027205594,120.84831686189396,0.0,True
0.88,WPF-SCADA,44,GRU-QR,48,4895,96.26202069634193,73.09017124585161,122.95422984808042,0.0,True
0.88,WPF-SCADA,44,CNN-QR,12,4895,165.70633160256997,140.1738579014592,193.8292374929052,0.0,True
0.88,WPF-SCADA,44,CNN-QR,24,4895,165.70633160256997,139.11903301281876,194.94840600018603,0.0,True
0.88,WPF-SCADA,44,CNN-QR,48,4895,165.70633160256997,137.01256730653415,195.36293237438727,0.0,True
0.88,WPF-SCADA,44,Transformer-QR,12,4895,139.39717960221287,111.00083987741597,171.0720274421606,0.0,True
0.88,WPF-SCADA,44,Transformer-QR,24,4895,139.39717960221287,108.1902800614354,175.50725964617314,0.0,True
0.88,WPF-SCADA,44,Transformer-QR,48,4895,139.39717960221287,107.54322795443198,174.75062824767505,0.0,True
0.88,WPF-SCADA,44,SQR,12,4895,153.11403190760862,120.52194148982265,188.25316954740336,0.0,True
0.88,WPF-SCADA,44,SQR,24,4895,153.11403190760862,117.05627510047422,191.81640415444923,0.0,True
0.88,WPF-SCADA,44,SQR,48,4895,153.11403190760862,118.23792853786948,194.48515209755197,0.0,True
0.88,WPF-SCADA,44,LUBE-NN,12,4895,380.26183371928664,330.428845205648,433.5947801295778,0.0,True
0.88,WPF-SCADA,44,LUBE-NN,24,4895,380.26183371928664,330.3164405808726,435.1543350475338,0.0,True
0.88,WPF-SCADA,44,LUBE-NN,48,4895,380.26183371928664,333.31012829991965,433.86037564504613,0.0,True
0.88,WPF-SCADA,44,RQR-MLP,12,4895,292.1579455616282,271.6149536159309,312.786823613573,0.0,True
0.88,WPF-SCADA,44,RQR-MLP,24,4895,292.1579455616282,265.717257388527,316.31561137541325,0.0,True
0.88,WPF-SCADA,44,RQR-MLP,48,4895,292.1579455616282,261.30282952500556,320.8897277866321,0.0,True
0.88,WPF-SCADA,44,KDE,12,4895,224.58076307162324,182.50996217004857,267.34326945864996,0.0,True
0.88,WPF-SCADA,44,KDE,24,4895,224.58076307162324,180.64680930257452,270.6289173457425,0.0,True
0.88,WPF-SCADA,44,KDE,48,4895,224.58076307162324,181.57098119001222,270.3890802132876,0.0,True
0.88,Longyuan-SCADA,44,MLP-QR,12,5242,14.180387340125034,11.023733746145846,17.446210027778022,0.0,True
0.88,Longyuan-SCADA,44,MLP-QR,24,5242,14.180387340125034,10.529493347864394,18.141601450285897,0.0,True
0.88,Longyuan-SCADA,44,MLP-QR,48,5242,14.180387340125034,9.910788642072987,18.82444812061676,0.0,True
0.88,Longyuan-SCADA,44,LSTM-QR,12,5242,6.914353736708611,5.146545787168704,8.723043008361868,0.0,True
0.88,Longyuan-SCADA,44,LSTM-QR,24,5242,6.914353736708611,4.805860753916275,9.11127459823698,0.0,True
0.88,Longyuan-SCADA,44,LSTM-QR,48,5242,6.914353736708611,4.531112564751685,9.424270700053011,0.0,True
0.88,Longyuan-SCADA,44,GRU-QR,12,5242,8.367081778234127,6.444732195882568,10.422273285422602,0.0,True
0.88,Longyuan-SCADA,44,GRU-QR,24,5242,8.367081778234127,6.073677843520314,10.76947932277004,0.0,True
0.88,Longyuan-SCADA,44,GRU-QR,48,5242,8.367081778234127,5.752713428977244,11.337067298559866,0.0,True
0.88,Longyuan-SCADA,44,CNN-QR,12,5242,17.955879927500202,14.770692544554718,21.391196762974232,0.0,True
0.88,Longyuan-SCADA,44,CNN-QR,24,5242,17.955879927500202,14.135088040527611,22.41116711572125,0.0,True
0.88,Longyuan-SCADA,44,CNN-QR,48,5242,17.955879927500202,13.28383373609257,22.881010270318832,0.0,True
0.88,Longyuan-SCADA,44,Transformer-QR,12,5242,11.263720116875454,8.327420349414,14.232400548999339,0.0,True
0.88,Longyuan-SCADA,44,Transformer-QR,24,5242,11.263720116875454,7.791539655210225,14.908107843766546,0.0,True
0.88,Longyuan-SCADA,44,Transformer-QR,48,5242,11.263720116875454,7.371317273949176,15.428205944026349,0.0,True
0.88,Longyuan-SCADA,44,SQR,12,5242,14.866820533327454,10.857109909683455,19.290051604854565,0.0,True
0.88,Longyuan-SCADA,44,SQR,24,5242,14.866820533327454,10.015244664885715,20.163425454070936,0.0,True
0.88,Longyuan-SCADA,44,SQR,48,5242,14.866820533327454,9.164210246719962,21.537185181019552,0.0,True
0.88,Longyuan-SCADA,44,LUBE-NN,12,5242,19.830389337929002,14.551019469839341,25.724914330810307,0.0,True
0.88,Longyuan-SCADA,44,LUBE-NN,24,5242,19.830389337929002,13.449103061264138,27.023997046246137,0.0,True
0.88,Longyuan-SCADA,44,LUBE-NN,48,5242,19.830389337929002,11.678927633608629,28.985146235164365,0.0,True
0.88,Longyuan-SCADA,44,RQR-MLP,12,5242,13.002101420810412,10.4446263910386,15.51417877624072,0.0,True
0.88,Longyuan-SCADA,44,RQR-MLP,24,5242,13.002101420810412,9.811089324041523,16.1549769219075,0.0,True
0.88,Longyuan-SCADA,44,RQR-MLP,48,5242,13.002101420810412,9.191578961692208,16.324048767968563,0.0,True
0.88,Longyuan-SCADA,44,KDE,12,5242,16.596542782657977,13.018915369964564,19.913013014998974,0.0,True
0.88,Longyuan-SCADA,44,KDE,24,5242,16.596542782657977,12.464187716018694,21.015605074428773,0.0,True
0.88,Longyuan-SCADA,44,KDE,48,5242,16.596542782657977,11.927293645112126,22.317926048986873,0.0,True
0.88,SDWPF-SCADA,44,MLP-QR,12,12704,15.100116105163728,4.829145696391387,25.472327350248907,0.003,True
0.88,SDWPF-SCADA,44,MLP-QR,24,12704,15.100116105163728,3.0524880436565773,27.7462897167398,0.02,True
0.88,SDWPF-SCADA,44,MLP-QR,48,12704,15.100116105163728,-1.1532666947138999,32.2864968811835,0.064,False
0.88,SDWPF-SCADA,44,LSTM-QR,12,12704,-6.536377784286999,-17.30681120082173,3.796435059257947,0.197,False
0.88,SDWPF-SCADA,44,LSTM-QR,24,12704,-6.536377784286999,-19.119587876484438,6.430361118334661,0.329,False
0.88,SDWPF-SCADA,44,LSTM-QR,48,12704,-6.536377784286999,-21.601704062172388,8.200836612175324,0.4,False
0.88,SDWPF-SCADA,44,GRU-QR,12,12704,-21.70505757295815,-32.4983964885212,-11.380588070871854,0.0,False
0.88,SDWPF-SCADA,44,GRU-QR,24,12704,-21.70505757295815,-34.37213111347155,-8.966784117113747,0.001,False
0.88,SDWPF-SCADA,44,GRU-QR,48,12704,-21.70505757295815,-37.93480467366932,-5.707223711866593,0.007,False
0.88,SDWPF-SCADA,44,CNN-QR,12,12704,103.18443174025874,90.66367910854161,114.81617873423644,0.0,True
0.88,SDWPF-SCADA,44,CNN-QR,24,12704,103.18443174025874,87.82731182761397,118.4670306168215,0.0,True
0.88,SDWPF-SCADA,44,CNN-QR,48,12704,103.18443174025874,84.7699330909126,121.53952578801652,0.0,True
0.88,SDWPF-SCADA,44,Transformer-QR,12,12704,-21.67760904489897,-32.83521757930592,-10.967576632691873,0.0,False
0.88,SDWPF-SCADA,44,Transformer-QR,24,12704,-21.67760904489897,-34.320697511893975,-7.989656215380665,0.002,False
0.88,SDWPF-SCADA,44,Transformer-QR,48,12704,-21.67760904489897,-37.30875020654736,-5.746209448981348,0.009,False
0.88,SDWPF-SCADA,44,SQR,12,12704,50.73665698889821,39.68450850218309,61.592793515046836,0.0,True
0.88,SDWPF-SCADA,44,SQR,24,12704,50.73665698889821,37.364174224687766,63.62670620986136,0.0,True
0.88,SDWPF-SCADA,44,SQR,48,12704,50.73665698889821,34.76834858764028,66.34691726560857,0.0,True
0.88,SDWPF-SCADA,44,LUBE-NN,12,12704,143.99355677093007,129.1080362779668,158.8593658445464,0.0,True
0.88,SDWPF-SCADA,44,LUBE-NN,24,12704,143.99355677093007,124.8651950986019,163.06924134916264,0.0,True
0.88,SDWPF-SCADA,44,LUBE-NN,48,12704,143.99355677093007,122.97083063708145,165.85670963540784,0.0,True
0.88,SDWPF-SCADA,44,RQR-MLP,12,12704,140.05353574368456,129.64822711614278,150.49196930033733,0.0,True
0.88,SDWPF-SCADA,44,RQR-MLP,24,12704,140.05353574368456,126.92995786276512,152.82819657773155,0.0,True
0.88,SDWPF-SCADA,44,RQR-MLP,48,12704,140.05353574368456,121.22562430634606,156.68136926186776,0.0,True
0.88,SDWPF-SCADA,44,KDE,12,12704,105.93826600586438,94.29234145624511,117.88720943201099,0.0,True
0.88,SDWPF-SCADA,44,KDE,24,12704,105.93826600586438,90.67201895951024,121.47134934480604,0.0,True
0.88,SDWPF-SCADA,44,KDE,48,12704,105.93826600586438,86.31286618253147,124.85945979521917,0.0,True
